Dataset,Configuration,Metric,Seed_13,Seed_42,Seed_87,Seed_123,Seed_2024,Mean,SD,CI95_Lower,CI95_Upper
AI4I_2020,-KG,accuracy,0.6899999999931,0.7399999999926,0.6799999999931999,0.5899999999941,0.7899999999921,0.69799999999302,0.07463243262743484,0.6053464514164635,0.7906535485695765
AI4I_2020,-KG,precision,0.09374999999707033,0.0,0.0,0.0,0.04761904761678005,0.028273809522770078,0.04201069706256501,-0.023880998031908306,0.08042861707744846
AI4I_2020,-KG,recall,0.59999999988,0.0,0.0,0.0,0.49999999975,0.219999999926,0.30331501766678154,-0.1565549606188275,0.5965549604708276
AI4I_2020,-KG,macro_f1,0.4859890561718387,0.42528735607094725,0.4047619045130739,0.3710691821488074,0.4841562266359856,0.4342527451081306,0.050272392669604406,0.3718413321032078,0.4966641581130534
AI4I_2020,-KG,latency_s,0.0020022810017690062,0.001992545000684913,0.0020539320018724536,0.0017536520006251521,0.0020154050015844405,0.001963563001307193,0.00011964093917942252,0.0018150329697947192,0.0021120930328196665
AI4I_2020,-coordination,accuracy,0.7299999999926999,0.7199999999928,0.6699999999933,0.7599999999924,0.6499999999935,0.7059999999929399,0.045055521303824675,0.6500651498909022,0.7619348500949776
AI4I_2020,-coordination,precision,0.0,0.0,0.0,0.04166666666493055,0.028571428570612248,0.014047619047108561,0.019784840390236893,-0.01051456666278575,0.038609804757002875
AI4I_2020,-coordination,recall,0.0,0.0,0.0,0.49999999975,0.49999999975,0.1999999999,0.2738612786156524,-0.13998917622831047,0.5399891760283104
AI4I_2020,-coordination,macro_f1,0.421965317666611,0.4186046509127907,0.4011976045421492,0.4694960208952367,0.4196650635396791,0.4261857315112933,0.025583155800274128,0.39442514050235217,0.45794632252023443
AI4I_2020,-coordination,latency_s,0.0030476700025610626,0.0020579689991427584,0.0019792970007983966,0.0020152489998145028,0.0019214679996366613,0.0022043306003906764,0.0004740902575196496,0.0016157641667592236,0.002792897034022129
AI4I_2020,-meta-RL,accuracy,0.6799999999931999,0.599999999994,0.599999999994,0.7499999999925,0.6699999999933,0.6599999999934,0.06284902544925418,0.5819751383153537,0.7380248616714462
AI4I_2020,-meta-RL,precision,0.0909090909063361,0.024999999999375,0.0,0.0,0.03030303030211203,0.02924242424156463,0.03718917711262821,-0.01692663533241499,0.07541148381554424
AI4I_2020,-meta-RL,recall,0.59999999988,0.49999999975,0.0,0.0,0.49999999975,0.31999999987600003,0.2949576239702917,-0.04617954939559926,0.6861795491475993
AI4I_2020,-meta-RL,macro_f1,0.4801819359563809,0.39722724504175994,0.37499999975660153,0.42857142832013057,0.4285714282698945,0.42191040746895353,0.0396678531316536,0.37266415851698903,0.47115665642091803
AI4I_2020,-meta-RL,latency_s,0.0020087269981740974,0.0018923789990367367,0.0020113160001346843,0.0020137259981129318,0.0019428579977829941,0.0019738011986482886,5.4332811644405996e-05,0.0019063489178399405,0.002041253479456637
AI4I_2020,A2C,accuracy,0.0499999999995,0.5399999999946,0.7799999999921999,0.5199999999948,0.0299999999997,0.38399999999615997,0.3303483010366746,-0.026115834095424506,0.7941158340877444
AI4I_2020,A2C,precision,0.0499999999995,0.041666666665798616,0.0,0.0399999999992,0.02020202020181614,0.03037373737326295,0.020195377695524836,0.005301883991836752,0.05544559075468915
AI4I_2020,A2C,recall,0.9999999998,0.9999999995,0.0,0.9999999995,0.9999999995,0.79999999966,0.44721359530989213,0.24479999989596013,1.3551999994240398
AI4I_2020,A2C,macro_f1,0.04761904757278911,0.38666666639555547,0.43820224693810755,0.37629937603264596,0.029902990269024883,0.2557380654416246,0.19955294564680215,0.008000079526312737,0.5034760513569364
AI4I_2020,A2C,latency_s,0.0018913000010070391,0.003091047999332659,0.0019933429997763597,0.0019057550016441382,0.0018937839995487593,0.002155046000261791,0.0005249317550315239,0.0015033616299159223,0.0028067303706076595
AI4I_2020,AIDA-Twin_minus_ADWIN,accuracy,0.9499999999905,0.9799999999901999,0.9699999999903,0.9799999999901999,0.9799999999901999,0.97199999999028,0.013038404810274885,0.9558132775303513,0.9881867224502087
AI4I_2020,AIDA-Twin_minus_ADWIN,precision,0.0,0.0,0.0,0.0,0.0,0.0,0.0,0.0,0.0
AI4I_2020,AIDA-Twin_minus_ADWIN,recall,0.0,0.0,0.0,0.0,0.0,0.0,0.0,0.0,0.0
AI4I_2020,AIDA-Twin_minus_ADWIN,macro_f1,0.48717948692465485,0.4949494946945209,0.4923857865470896,0.4949494946945209,0.4949494946945209,0.4928827515110615,0.003375962206434753,0.48869161278926754,0.4970738902328554
AI4I_2020,AIDA-Twin_minus_ADWIN,latency_s,0.0009212880005361512,0.0010598780016880483,0.0011198589997366071,0.001116825000208337,0.0011790989982546308,0.001079389800084755,9.79259462880169e-05,0.0009578181709433684,0.0012009614292261416
AI4I_2020,Full,accuracy,0.7199999999928,0.6599999999934,0.7599999999924,0.7299999999926999,0.9799999999901999,0.7699999999923,0.12288205727321624,0.6174462339963911,0.9225537659882088
AI4I_2020,Full,precision,0.07407407407133058,0.029411764705017305,0.0,0.0,0.0,0.02069716775526958,0.03244285971958783,-0.019579505175879842,0.060973840686419
AI4I_2020,Full,recall,0.39999999992,0.49999999975,0.0,0.0,0.0,0.179999999934,0.24899799186178187,-0.12912227736866816,0.4891222772366682
AI4I_2020,Full,macro_f1,0.4791666662802512,0.4241192408930842,0.4318181815658897,0.42196531766861567,0.4949494946945209,0.45040378022047234,0.03411990595607961,0.40804511318210146,0.4927624472588432
AI4I_2020,Full,latency_s,0.0029897259996505454,0.0024192369999946096,0.002106670999783091,0.006134703998686746,0.0025920919998316094,0.0032484859995893208,0.0016446473448669412,0.0012067139804508471,0.005290258018727794
AI4I_2020,PPO,accuracy,0.8499999999915,0.699999999993,0.9599999999904,0.7199999999928,0.6499999999935,0.77599999999224,0.12660963628286512,0.6188185753406423,0.9331814246438377
AI4I_2020,PPO,precision,0.18749999998828126,0.0,0.0,0.035714285713010205,0.028571428570612248,0.05035714285438074,0.07837231262997003,-0.046939335629273604,0.14765362133803508
AI4I_2020,PPO,recall,0.59999999988,0.0,0.0,0.49999999975,0.49999999975,0.31999999987600003,0.2949576239702917,-0.04617954939559926,0.6861795491475993
AI4I_2020,PPO,macro_f1,0.600957701067175,0.4117647056333564,0.48979591811237505,0.45098039184335253,0.4196650635396791,0.4746327560391876,0.07700841923612133,0.37902950338740504,0.5702360086909701
AI4I_2020,PPO,latency_s,0.002008397000900004,0.001961742998973932,0.0016682480007875712,0.0020225710005615837,0.001974086998670828,0.001927009199978784,0.00014674480058814466,0.0017448306747587347,0.002109187725198833
AI4I_2020,Rule-based,accuracy,0.9499999999905,0.9799999999901999,0.9699999999903,0.9799999999901999,0.9799999999901999,0.97199999999028,0.013038404810274885,0.9558132775303513,0.9881867224502087
AI4I_2020,Rule-based,precision,0.0,0.0,0.0,0.0,0.0,0.0,0.0,0.0,0.0
AI4I_2020,Rule-based,recall,0.0,0.0,0.0,0.0,0.0,0.0,0.0,0.0,0.0
AI4I_2020,Rule-based,macro_f1,0.48717948692465485,0.4949494946945209,0.4923857865470896,0.4949494946945209,0.4949494946945209,0.4928827515110615,0.003375962206434753,0.48869161278926754,0.4970738902328554
AI4I_2020,Rule-based,latency_s,0.000926851999538485,0.0009468140001990832,0.0009476359974360094,0.0017717229991103523,0.0008945470000617206,0.00109751439926913,0.0003775092056952471,0.0006288499554529964,0.0015661788430852638
AI4I_2020,SAC,accuracy,0.9499999999905,0.0299999999997,0.9699999999903,0.9799999999901999,0.9799999999901999,0.78199999999218,0.42055915160231927,0.25989055761582536,1.3041094423685347
AI4I_2020,SAC,precision,0.0,0.02020202020181614,0.0,0.0,0.0,0.004040404040363228,0.009034618090816984,-0.007175757575685092,0.01525656565641155
AI4I_2020,SAC,recall,0.0,0.9999999995,0.0,0.0,0.0,0.1999999999,0.4472135952763512,-0.35519999982239997,0.7551999996223999
AI4I_2020,SAC,macro_f1,0.48717948692465485,0.029902990269024883,0.4923857865470896,0.4949494946945209,0.4949494946945209,0.39987345062596225,0.20684409957740474,0.14308375272558638,0.6566631485263381
AI4I_2020,SAC,latency_s,0.0025285199980135077,0.003382922000891995,0.0028070070015382954,0.0037606700003379955,0.0025899199998821133,0.003013807800132781,0.0005366563443405633,0.0023475677632108518,0.0036800478370547104
Gas_Turbine,-KG,accuracy,0.0399999999996,0.9299999999906999,0.0499999999995,0.0199999999998,0.9499999999905,0.39799999999602,0.4949444413215493,-0.21645617170091125,1.0124561716929512
Gas_Turbine,-KG,precision,0.0399999999996,0.0,0.0499999999995,0.0199999999998,0.0,0.021999999999779998,0.022803508501754725,-0.006309756339404046,0.05030975633896404
Gas_Turbine,-KG,recall,0.99999999975,0.0,0.9999999998,0.9999999995,0.0,0.59999999981,0.5477225573317206,-0.0799783525712836,1.2799783521912835
Gas_Turbine,-KG,macro_f1,0.03846153842381657,0.48186528471942863,0.04761904757278911,0.01960784311764706,0.48717948692465485,0.21494664015166726,0.24630217501924687,-0.09082887505334558,0.5207221553566801
Gas_Turbine,-KG,latency_s,0.0024480210006004198,0.0035417600008076987,0.0028808399994159116,0.0028040180014795623,0.00389269599923864,0.0031134670003084464,0.000588074210877818,0.002383393484733951,0.0038435405158829417
Gas_Turbine,-coordination,accuracy,0.9599999999904,0.0699999999993,0.0499999999995,0.0199999999998,0.0499999999995,0.2299999999977,0.40847276530591725,-0.27710461752698473,0.7371046175223848
Gas_Turbine,-coordination,precision,0.0,0.0699999999993,0.0499999999995,0.0199999999998,0.0499999999995,0.03799999999962,0.027748873850745728,0.0035507459586938753,0.07244925404054611
Gas_Turbine,-coordination,recall,0.0,0.9999999998571428,0.9999999998,0.9999999995,0.9999999998,0.7999999997914286,0.447213595383363,0.24479999993617707,1.35519999964668
Gas_Turbine,-coordination,macro_f1,0.4897959181124531,0.06542056068530001,0.04761904757278911,0.01960784311764706,0.04761904757278911,0.13401248341219568,0.19956376017684496,-0.11373892836301885,0.3817638951874102
Gas_Turbine,-coordination,latency_s,0.002511391999141779,0.0024682519969064743,0.0028361620020586997,0.002500767000601627,0.00249319700000342,0.0025619539997424,0.00015410871459091465,0.0023706334334585785,0.0027532745660262216
Gas_Turbine,-meta-RL,accuracy,0.0399999999996,0.9299999999906999,0.9499999999905,0.0199999999998,0.9499999999905,0.57799999999422,0.5003698631962087,-0.04319164275082066,1.1991916427392608
Gas_Turbine,-meta-RL,precision,0.0399999999996,0.0,0.0,0.0199999999998,0.0,0.01199999999988,0.01788854381981943,-0.010207999999897919,0.03420799999965792
Gas_Turbine,-meta-RL,recall,0.99999999975,0.0,0.0,0.9999999995,0.0,0.39999999985,0.5477225572997702,-0.2799783524916183,1.0799783521916182
Gas_Turbine,-meta-RL,macro_f1,0.03846153842381657,0.48186528471942863,0.48717948692465485,0.01960784311764706,0.48717948692465485,0.3028587280220404,0.25006427640313184,-0.00758730415595904,0.6133047602000399
Gas_Turbine,-meta-RL,latency_s,0.002138763001712505,0.002028930001833942,0.0020453639986226335,0.002050787999469321,0.002759424998657778,0.002204654000059236,0.0003130652722662816,0.0018159944402622533,0.0025933135598562185
Gas_Turbine,A2C,accuracy,0.0399999999996,0.9299999999906999,0.9499999999905,0.9799999999901999,0.0499999999995,0.5899999999941,0.4978453575107867,-0.028057557448861736,1.2080575574370618
Gas_Turbine,A2C,precision,0.0399999999996,0.0,0.0,0.0,0.0499999999995,0.01799999999982,0.02489979919572847,-0.012912227742303158,0.04891222774194316
Gas_Turbine,A2C,recall,0.99999999975,0.0,0.0,0.0,0.9999999998,0.39999999991,0.5477225573819285,-0.279978352533615,1.079978352353615
Gas_Turbine,A2C,macro_f1,0.03846153842381657,0.48186528471942863,0.48717948692465485,0.4949494946945209,0.04761904757278911,0.310014970467042,0.2437793374434804,0.0073714696644528455,0.6126584712696312
Gas_Turbine,A2C,latency_s,0.0029426699987379836,0.0034419609981705436,0.002942554000474047,0.0035790129989618437,0.0026515330007532614,0.0031115461994195358,0.0003861310740267617,0.0026321780083429784,0.003590914390496093
Gas_Turbine,AIDA-Twin_minus_ADWIN,accuracy,0.9599999999904,0.9299999999906999,0.9499999999905,0.9799999999901999,0.9499999999905,0.95399999999046,0.018165902124403287,0.9314476693794161,0.9765523306015039
Gas_Turbine,AIDA-Twin_minus_ADWIN,precision,0.0,0.0,0.0,0.0,0.0,0.0,0.0,0.0,0.0
Gas_Turbine,AIDA-Twin_minus_ADWIN,recall,0.0,0.0,0.0,0.0,0.0,0.0,0.0,0.0,0.0
Gas_Turbine,AIDA-Twin_minus_ADWIN,macro_f1,0.4897959181124531,0.48186528471942863,0.48717948692465485,0.4949494946945209,0.48717948692465485,0.48819393427514246,0.004751682882088626,0.48229488656576697,0.49409298198451795
Gas_Turbine,AIDA-Twin_minus_ADWIN,latency_s,0.001781495000468567,0.0019003110021003522,0.0015256599994609133,0.0022960949994740077,0.0014885519983363338,0.0017984225999680345,0.00032740068468732766,0.0013919661282340006,0.002204879071702068
Gas_Turbine,Full,accuracy,0.9599999999904,0.9299999999906999,0.0499999999995,0.0199999999998,0.9499999999905,0.58199999999418,0.49956981493581915,-0.0381984108843928,1.2021984108727528
Gas_Turbine,Full,precision,0.0,0.0,0.0499999999995,0.0199999999998,0.0,0.01399999999986,0.021908902299987557,-0.013199134103732416,0.04119913410345241
Gas_Turbine,Full,recall,0.0,0.0,0.9999999998,0.9999999995,0.0,0.39999999986,0.5477225573134632,-0.2799783524986177,1.0799783522186177
Gas_Turbine,Full,macro_f1,0.4897959181124531,0.48186528471942863,0.04761904757278911,0.01960784311764706,0.48717948692465485,0.3052135160893945,0.24814997263889488,-0.0028559750786739113,0.6132830072574629
Gas_Turbine,Full,latency_s,0.0025597550018574113,0.00292831499944441,0.0029421569971600546,0.002517659998848103,0.002741898997919634,0.002737957199045922,0.00019889448647371724,0.002491036667109146,0.0029848777309826983
Gas_Turbine,PPO,accuracy,0.9599999999904,0.9299999999906999,0.0499999999995,0.0199999999998,0.9499999999905,0.58199999999418,0.49956981493581915,-0.0381984108843928,1.2021984108727528
Gas_Turbine,PPO,precision,0.0,0.0,0.0499999999995,0.0199999999998,0.0,0.01399999999986,0.021908902299987557,-0.013199134103732416,0.04119913410345241
Gas_Turbine,PPO,recall,0.0,0.0,0.9999999998,0.9999999995,0.0,0.39999999986,0.5477225573134632,-0.2799783524986177,1.0799783522186177
Gas_Turbine,PPO,macro_f1,0.4897959181124531,0.48186528471942863,0.04761904757278911,0.01960784311764706,0.48717948692465485,0.3052135160893945,0.24814997263889488,-0.0028559750786739113,0.6132830072574629
Gas_Turbine,PPO,latency_s,0.0027278059994569046,0.002864434001094196,0.002638698000519071,0.00260598700173432,0.004055249998637009,0.0029784350002883,0.0006102213543425843,0.0022208665825566107,0.003736003418019989
Gas_Turbine,Rule-based,accuracy,0.9599999999904,0.9299999999906999,0.9499999999905,0.9799999999901999,0.9499999999905,0.95399999999046,0.018165902124403287,0.9314476693794161,0.9765523306015039
Gas_Turbine,Rule-based,precision,0.0,0.0,0.0,0.0,0.0,0.0,0.0,0.0,0.0
Gas_Turbine,Rule-based,recall,0.0,0.0,0.0,0.0,0.0,0.0,0.0,0.0,0.0
Gas_Turbine,Rule-based,macro_f1,0.4897959181124531,0.48186528471942863,0.48717948692465485,0.4949494946945209,0.48717948692465485,0.48819393427514246,0.004751682882088626,0.48229488656576697,0.49409298198451795
Gas_Turbine,Rule-based,latency_s,0.0013648169988300651,0.0013141189989983105,0.0018992630005232058,0.0013700300006894396,0.0013892189998296089,0.001467489599774126,0.00024295942769874196,0.0011658639881745024,0.0017691152113737496
Gas_Turbine,SAC,accuracy,0.0399999999996,0.9299999999906999,0.9499999999905,0.9799999999901999,0.9499999999905,0.7699999999923,0.4084727653059173,0.26289538246761524,1.2771046175169847
Gas_Turbine,SAC,precision,0.0399999999996,0.0,0.0,0.0,0.0,0.00799999999992,0.017888543819819434,-0.01420799999985792,0.03020799999969792
Gas_Turbine,SAC,recall,0.99999999975,0.0,0.0,0.0,0.0,0.19999999995,0.4472135953881546,-0.35519999991119994,0.7551999998112
Gas_Turbine,SAC,macro_f1,0.03846153842381657,0.48186528471942863,0.48717948692465485,0.4949494946945209,0.48717948692465485,0.39792705833741515,0.20100151182828277,0.14839072829292063,0.6474633883819096
Gas_Turbine,SAC,latency_s,0.0036502520018257202,0.005376336000917945,0.004300904999836348,0.0031757559994002806,0.003313154000788927,0.003963280600553844,0.0009016044443455631,0.002843970292151774,0.005082590908955914
Hydraulic_Systems,-KG,accuracy,0.3299999999967,0.6599999999934,0.3099999999969,0.3599999999964,0.2599999999974,0.38399999999616,0.15852444606273633,0.18719745790072526,0.5808025420915948
Hydraulic_Systems,-KG,precision,0.3299999999967,0.0,0.3099999999969,0.3599999999964,0.2599999999974,0.25199999999747996,0.14549914088947946,0.07136791762187478,0.43263208237308515
Hydraulic_Systems,-KG,recall,0.9999999999696971,0.0,0.9999999999677419,0.9999999999722223,0.9999999999615384,0.7999999999742399,0.4472135954855576,0.24479999999211743,1.3551999999563624
Hydraulic_Systems,-KG,macro_f1,0.24812030056159193,0.3975903612014806,0.23664122118979078,0.26470588215441176,0.20634920618216174,0.27068139425788734,0.07407421850664093,0.17872084894192788,0.3626419395738468
Hydraulic_Systems,-KG,latency_s,0.001878612999280449,0.0019419410009868443,0.0018806879996554925,0.001808246002474334,0.0017534490028629079,0.0018525874010520058,7.287939154806021e-05,0.0017621101915158148,0.0019430646105881967
Hydraulic_Systems,-coordination,accuracy,0.6699999999933,0.6599999999934,0.6899999999931,0.3599999999964,0.7399999999926,0.62399999999376,0.15076471735636757,0.4368308890397905,0.8111691109477295
Hydraulic_Systems,-coordination,precision,0.0,0.0,0.0,0.3599999999964,0.0,0.07199999999928,0.1609968943783749,-0.12787199999872126,0.2718719999972813
Hydraulic_Systems,-coordination,recall,0.0,0.0,0.0,0.9999999999722223,0.0,0.19999999999444446,0.44721359548753536,-0.35519999999013335,0.7551999999790222
Hydraulic_Systems,-coordination,macro_f1,0.4011976045453763,0.3975903612014806,0.40828402342221903,0.26470588215441176,0.4252873560725327,0.37941304547920407,0.06500134782909252,0.2987161510246267,0.46010993993378146
Hydraulic_Systems,-coordination,latency_s,0.0018381010007578879,0.0018346460006432607,0.001923508000036236,0.002751481000741478,0.002162923000578303,0.002102131800551433,0.00038681950968468004,0.0016219089407413616,0.0025823546603615044
Hydraulic_Systems,-meta-RL,accuracy,0.6699999999933,0.33999999999659997,0.3099999999969,0.6399999999936,0.2599999999974,0.44399999999555995,0.19501282008944798,0.20189842078793122,0.6861015792031887
Hydraulic_Systems,-meta-RL,precision,0.0,0.33999999999659997,0.3099999999969,0.0,0.2599999999974,0.18199999999818,0.1685823241014063,-0.027289045064202433,0.39128904506056245
Hydraulic_Systems,-meta-RL,recall,0.0,0.9999999999705883,0.9999999999677419,0.0,0.9999999999615384,0.5999999999799737,0.5477225574868847,-0.0799783525939407,1.2799783525538881
Hydraulic_Systems,-meta-RL,macro_f1,0.4011976045453763,0.25373134309044326,0.23664122118979078,0.3902439021963117,0.20634920618216174,0.29763265544081674,0.09121744637852579,0.18438939374448876,0.4108759171371447
Hydraulic_Systems,-meta-RL,latency_s,0.001853828999446705,0.0018507270002737642,0.0018504130010842347,0.0018582930011325515,0.0017877729987958446,0.0018402070001466199,2.9482281340075484e-05,0.001803605781479037,0.0018768082188142026
Hydraulic_Systems,A2C,accuracy,0.6699999999933,0.6599999999934,0.6899999999931,0.3599999999964,0.2599999999974,0.52799999999472,0.2024104740352648,0.2767144927669113,0.7792855072225288
Hydraulic_Systems,A2C,precision,0.0,0.0,0.0,0.3599999999964,0.2599999999974,0.12399999999875999,0.17343586710769604,-0.0913145485460905,0.3393145485436105
Hydraulic_Systems,A2C,recall,0.0,0.0,0.0,0.9999999999722223,0.9999999999615384,0.3999999999867522,0.5477225574870258,-0.2799783525873374,1.0799783525608417
Hydraulic_Systems,A2C,macro_f1,0.4011976045453763,0.3975903612014806,0.40828402342221903,0.26470588215441176,0.20634920618216174,0.3356254155011299,0.09375574420099589,0.21923094604811477,0.452019884954145
Hydraulic_Systems,A2C,latency_s,0.002029868997342419,0.0018895789998350666,0.0018521039991173894,0.0019429680006578564,0.0018685539992293343,0.0019166147992364132,7.19781614317504e-05,0.0018272564352934915,0.002005973163179335
Hydraulic_Systems,AIDA-Twin_minus_ADWIN,accuracy,0.6699999999933,0.6599999999934,0.6899999999931,0.6399999999936,0.7399999999926,0.6799999999932,0.038078865528938764,0.632726423441861,0.7272735765445391
Hydraulic_Systems,AIDA-Twin_minus_ADWIN,precision,0.0,0.0,0.0,0.0,0.0,0.0,0.0,0.0,0.0
Hydraulic_Systems,AIDA-Twin_minus_ADWIN,recall,0.0,0.0,0.0,0.0,0.0,0.0,0.0,0.0,0.0
Hydraulic_Systems,AIDA-Twin_minus_ADWIN,macro_f1,0.4011976045453763,0.3975903612014806,0.40828402342221903,0.3902439021963117,0.4252873560725327,0.4045206494875841,0.013307104515939285,0.3880003457633871,0.4210409532117811
Hydraulic_Systems,AIDA-Twin_minus_ADWIN,latency_s,0.000692132999538444,0.0005082960010622628,0.0006455389998154715,0.0004853979995823465,0.0005617100012023002,0.0005786152002401649,8.84379835437402e-05,0.00046882254420833555,0.0006884078562719943
Hydraulic_Systems,Full,accuracy,0.6699999999933,0.33999999999659997,0.3099999999969,0.6399999999936,0.2599999999974,0.44399999999555995,0.19501282008944798,0.20189842078793122,0.6861015792031887
Hydraulic_Systems,Full,precision,0.0,0.33999999999659997,0.3099999999969,0.0,0.2599999999974,0.18199999999818,0.1685823241014063,-0.027289045064202433,0.39128904506056245
Hydraulic_Systems,Full,recall,0.0,0.9999999999705883,0.9999999999677419,0.0,0.9999999999615384,0.5999999999799737,0.5477225574868847,-0.0799783525939407,1.2799783525538881
Hydraulic_Systems,Full,macro_f1,0.4011976045453763,0.25373134309044326,0.23664122118979078,0.3902439021963117,0.20634920618216174,0.29763265544081674,0.09121744637852579,0.18438939374448876,0.4108759171371447
Hydraulic_Systems,Full,latency_s,0.0017972099973121657,0.0018195590010145679,0.0019663010005024264,0.0016644920010003262,0.001507109998492524,0.001750934399664402,0.0001733177475752813,0.0015357664923779045,0.0019661023069508995
Hydraulic_Systems,PPO,accuracy,0.6699999999933,0.6599999999934,0.6899999999931,0.6399999999936,0.7399999999926,0.6799999999932,0.038078865528938764,0.632726423441861,0.7272735765445391
Hydraulic_Systems,PPO,precision,0.0,0.0,0.0,0.0,0.0,0.0,0.0,0.0,0.0
Hydraulic_Systems,PPO,recall,0.0,0.0,0.0,0.0,0.0,0.0,0.0,0.0,0.0
Hydraulic_Systems,PPO,macro_f1,0.4011976045453763,0.3975903612014806,0.40828402342221903,0.3902439021963117,0.4252873560725327,0.4045206494875841,0.013307104515939285,0.3880003457633871,0.4210409532117811
Hydraulic_Systems,PPO,latency_s,0.001462510000274051,0.0019387320007081144,0.002019244999391958,0.002470778000133578,0.0017370889999438078,0.0019256708000903017,0.0003728771939621899,0.001462756836447559,0.0023885847637330447
Hydraulic_Systems,Rule-based,accuracy,0.6699999999933,0.6599999999934,0.6899999999931,0.6399999999936,0.7399999999926,0.6799999999932,0.038078865528938764,0.632726423441861,0.7272735765445391
Hydraulic_Systems,Rule-based,precision,0.0,0.0,0.0,0.0,0.0,0.0,0.0,0.0,0.0
Hydraulic_Systems,Rule-based,recall,0.0,0.0,0.0,0.0,0.0,0.0,0.0,0.0,0.0
Hydraulic_Systems,Rule-based,macro_f1,0.4011976045453763,0.3975903612014806,0.40828402342221903,0.3902439021963117,0.4252873560725327,0.4045206494875841,0.013307104515939285,0.3880003457633871,0.4210409532117811
Hydraulic_Systems,Rule-based,latency_s,0.0007298499997705221,0.0005187109994585626,0.000524528999812901,0.000481162998767104,0.001100492998957634,0.0006709491993533448,0.00025913863391141713,0.00034923767046573004,0.0009926607282409595
Hydraulic_Systems,SAC,accuracy,0.3299999999967,0.6599999999934,0.3099999999969,0.6399999999936,0.7399999999926,0.53599999999464,0.2008233054184534,0.2866849069602293,0.7853150930290507
Hydraulic_Systems,SAC,precision,0.3299999999967,0.0,0.3099999999969,0.0,0.0,0.12799999999871997,0.17541379649099612,-0.08977007853148472,0.34577007852892466
Hydraulic_Systems,SAC,recall,0.9999999999696971,0.0,0.9999999999677419,0.0,0.0,0.3999999999874878,0.5477225574880331,-0.2799783525878523,1.079978352562828
Hydraulic_Systems,SAC,macro_f1,0.24812030056159193,0.3975903612014806,0.23664122118979078,0.3902439021963117,0.4252873560725327,0.3395766282443416,0.08977618368042417,0.2281226436586333,0.45103061283004986
Hydraulic_Systems,SAC,latency_s,0.003389367998461239,0.0022521909995703027,0.003591072998533491,0.0019060499989427626,0.0017127949991845525,0.0025702953989384697,0.0008646655606381763,0.0014968434196227815,0.003643747378254158
